,122_HYDRO_1,122_HYDRO_2,122_HYDRO_3,122_HYDRO_4,122_HYDRO_5,122_HYDRO_6,201_HYDRO_4,215_HYDRO_1,215_HYDRO_2,215_HYDRO_3,222_HYDRO_1,222_HYDRO_2,222_HYDRO_3,222_HYDRO_4,222_HYDRO_5,222_HYDRO_6,322_HYDRO_1,322_HYDRO_2,322_HYDRO_3,322_HYDRO_4,308_RTPV_1,313_RTPV_1,313_RTPV_2,313_RTPV_3,313_RTPV_4,313_RTPV_5,313_RTPV_6,313_RTPV_7,313_RTPV_8,313_RTPV_9,313_RTPV_10,313_RTPV_11,313_RTPV_12,320_RTPV_1,320_RTPV_2,320_RTPV_3,313_RTPV_13,320_RTPV_4,320_RTPV_5,118_RTPV_1,118_RTPV_2,118_RTPV_3,118_RTPV_4,118_RTPV_5,118_RTPV_6,320_RTPV_6,118_RTPV_7,118_RTPV_8,118_RTPV_9,118_RTPV_10,213_RTPV_1
6,0.08000362837027021,0.08000362837027021,0.08000362837027021,0.08000362837027021,0.08000362837027021,0.08000362837027021,0.1809605879803731,0.1809605879803731,0.1809605879803731,0.1809605879803731,0.1809605879803731,0.1809605879803731,0.1809605879803731,0.1809605879803731,0.1809605879803731,0.1809605879803731,0.14476847038429846,0.14476847038429846,0.14476847038429846,0.14476847038429846,0.0,0.0,0.0,0.0,0.0,0.0,0.0,0.0,0.0,0.0,0.0,0.0,0.0,0.0,0.0,0.0,0.0,0.0,0.0,0.0,0.0,0.0,0.0,0.0,0.0,0.0,0.0,0.0,0.0,0.0,0.0
7,0.07238423519214923,0.07238423519214923,0.07238423519214923,0.07238423519214923,0.07238423519214923,0.07238423519214923,0.3600163276662159,0.3600163276662159,0.3600163276662159,0.3600163276662159,0.3600163276662159,0.3600163276662159,0.3600163276662159,0.3600163276662159,0.3600163276662159,0.3600163276662159,0.36573087254980663,0.36573087254980663,0.36573087254980663,0.36573087254980663,0.13181367690782952,0.13176007866273354,0.15213946117274166,0.12385321100917429,0.1298507462686567,0.1419753086419753,0.1426332288401254,0.1497659906396256,0.13213213213213215,0.15384615384615385,0.1449925261584454,0.15337423312883436,0.15467625899280574,0.1575091575091575,0.15925925925925924,0.15901060070671377,0.16544117647058823,0.14814814814814814,0.1631205673758865,0.17204301075268816,0.16494845360824745,0.18085106382978722,0.17582417582417584,0.17582417582417584,0.15463917525773196,0.1702127659574468,0.15254237288135591,0.16964285714285715,0.1553398058252427,0.17777777777777778,0.17424242424242423
